6G,51,90,西安铁路局 宝鸡电力机务段,,
6K,1,85,中国铁路郑州局集团有限公司 洛阳机务段,,
8G,1,1,中国铁路太原局集团有限公司 太原北机务段、侯马机务段、石家庄电力机务段,,
8G,2,2,中国铁道博物馆,,
8G,3,75,中国铁路太原局集团有限公司 太原北机务段、侯马机务段、石家庄电力机务段,,
8G,76,76,中国铁路太原局集团有限公司 太原机务段北场,,
8G,77,96,中国铁路太原局集团有限公司 太原北机务段、侯马机务段、石家庄电力机务段,,
8G,97,97,中国铁路太原局集团有限公司 榆次机务折返段,,
8G,98,100,中国铁路太原局集团有限公司 太原北机务段、侯马机务段、石家庄电力机务段,,
8K,1,1,中国铁路北京局集团有限公司 丰台机务段,,
8K,2,7,*北京铁路局 丰台西段、丰台段；太原铁路局 大同西段、湖东段,,
8K,8,8,中国铁道博物馆,*科技号,
8K,9,17,*北京铁路局 丰台西段、丰台段；太原铁路局 大同西段、湖东段,,
8K,18,18,*北京铁路局 丰台机务段,,
8K,19,23,*北京铁路局 丰台西段、丰台段；太原铁路局 大同西段、湖东段,,
8K,24,24,中国铁路太原局集团有限公司 湖东机务段 大同西运用车间,,
8K,25,64,*北京铁路局 丰台西段、丰台段；太原铁路局 大同西段、湖东段,,
8K,65,65,天津铁道职业技术学院,,
8K,66,71,*北京铁路局 丰台西段、丰台段；太原铁路局 大同西段、湖东段,,
8K,72,72,中国铁路北京局集团有限公司 丰台机务段,,
8K,73,90,*北京铁路局 丰台西段、丰台段；太原铁路局 大同西段、湖东段,,
8K,91,91,中国铁路太原局集团有限公司 太原机务段北场 机车展场,,
8K,92,100,*北京铁路局 丰台西段、丰台段；太原铁路局 大同西段、湖东段,,
CR400AF,21,21,中国铁路北京局集团有限公司 朝阳动车运用所,CR400AF-G,
CR400AF,207,208,中国铁路北京局集团有限公司 北京西动车运用所,,
CR400AF,1001,1002,中国铁路广州局集团有限公司 深圳动车运用所,CR400AF-A,
CR400AF,1003,1003,中国铁路广州局集团有限公司 广州南动车运用所,CR400AF-A,
CR400AF,1004,1004,中国铁路广州局集团有限公司 深圳动车运用所,CR400AF-A,
CR400AF,1005,1005,中国铁路广州局集团有限公司 广州南动车运用所,CR400AF-A,
CR400AF,1006,1006,中国铁路广州局集团有限公司 广州南动车运用所,,
CR400AF,1007,1009,中国铁路广州局集团有限公司 潮州动车运用所,,
CR400AF,1010,1010,中国铁路广州局集团有限公司 广州南动车运用所,,
CR400AF,1011,1014,中国铁路广州局集团有限公司 潮州动车运用所,,
CR400AF,1015,1020,中国铁路广州局集团有限公司 广州南动车运用所,,
CR400AF,1021,1021,中国铁路广州局集团有限公司 潮州动车运用所,,
CR400AF,1022,1025,中国铁路广州局集团有限公司 广州南动车运用所,,
CR400AF,1026,1027,中国铁路广州局集团有限公司 广州南动车运用所,CR400AF-A,
CR400AF,1028,1029,中国铁路广州局集团有限公司 深圳动车运用所,CR400AF-A,
CR400AF,1030,1030,中国铁路广州局集团有限公司 广州南动车运用所,CR400AF-A,
CR400AF,1031,1031,中国铁路广州局集团有限公司 深圳动车运用所,CR400AF-A,
CR400AF,1032,1032,中国铁路广州局集团有限公司 广州南动车运用所,CR400AF-A,
CR400AF,1033,1033,中国铁路广州局集团有限公司 深圳动车运用所,CR400AF-A,
CR400AF,1034,1038,中国铁路广州局集团有限公司 广州南动车运用所,CR400AF-A,
CR400AF,1039,1039,中国铁路广州局集团有限公司 潮州动车运用所,,
CR400AF,1040,1040,中国铁路广州局集团有限公司 广州南动车运用所,,
CR400AF,2002,2002,中国铁路北京局集团有限公司 北京西动车运用所,,
CR400AF,2004,2004,中国铁路北京局集团有限公司 北京西动车运用所,,
CR400AF,2005,2005,中国铁路成都局集团有限公司 重庆西动车运用所,,
CR400AF,2006,2007,中国铁路北京局集团有限公司 北京西动车运用所,,
CR400AF,2008,2008,中国铁路北京局集团有限公司 雄安动车运用所,,
CR400AF,2009,2010,中国铁路北京局集团有限公司 北京西动车运用所,,
CR400AF,2011,2011,中国铁路广州局集团有限公司 长沙动车运用所,,
CR400AF,2012,2012,中国铁路北京局集团有限公司 北京西动车运用所,,
CR400AF,2013,2013,中国铁路成都局集团有限公司 重庆西动车运用所,,
CR400AF,2014,2016,中国铁路北京局集团有限公司 北京西动车运用所,,
CR400AF,2017,2017,中国铁路广州局集团有限公司 长沙动车运用所,,
CR400AF,2023,2023,中国铁路北京局集团有限公司 北京西动车运用所,,
CR400AF,2024,2024,中国铁路广州局集团有限公司 长沙动车运用所,,
CR400AF,2025,2025,中国铁路成都局集团有限公司 重庆西动车运用所,,
CR400AF,2026,2028,中国铁路广州局集团有限公司 长沙动车运用所,,
CR400AF,2030,2030,中国铁路北京局集团有限公司 雄安动车运用所,,
CR400AF,2031,2032,中国铁路成都局集团有限公司 重庆西动车运用所,,
CR400AF,2033,2033,中国铁路北京局集团有限公司 雄安动车运用所,,
CR400AF,2034,2034,中国铁路北京局集团有限公司 北京西动车运用所,,
CR400AF,2035,2038,中国铁路广州局集团有限公司 长沙动车运用所,,
CR400AF,2040,2046,中国铁路广州局集团有限公司 长沙动车运用所,,
CR400AF,2047,2048,中国铁路北京局集团有限公司 北京西动车运用所,,
CR400AF,2049,2049,中国铁路成都局集团有限公司 重庆西动车运用所,,
CR400AF,2051,2051,中国铁路广州局集团有限公司 长沙动车运用所,,
CR400AF,2053,2055,中国铁路广州局集团有限公司 长沙动车运用所,,
CR400AF,2057,2057,中国铁路广州局集团有限公司 长沙动车运用所,,
CR400AF,2058,2058,中国铁路北京局集团有限公司 雄安动车运用所,,
CR400AF,2060,2062,中国铁路广州局集团有限公司 长沙动车运用所,,
CR400AF,2064,2064,中国铁路广州局集团有限公司 长沙动车运用所,,
CR400AF,2065,2066,中国铁路广州局集团有限公司 深圳动车运用所,CR400AF-A,
CR400AF,2067,2068,中国铁路广州局集团有限公司 长沙动车运用所,CR400AF-A,
CR400AF,2069,2069,中国铁路广州局集团有限公司 深圳动车运用所,CR400AF-A,
CR400AF,2070,2070,中国铁路广州局集团有限公司 长沙动车运用所,CR400AF-A,
CR400AF,2071,2071,中国铁路广州局集团有限公司 深圳动车运用所,CR400AF-A,
CR400AF,2072,2072,中国铁路广州局集团有限公司 长沙动车运用所,CR400AF-A,
CR400AF,2073,2073,中国铁路广州局集团有限公司 深圳动车运用所,CR400AF-A,
CR400AF,2074,2076,中国铁路广州局集团有限公司 长沙动车运用所,CR400AF-A,
CR400AF,2077,2079,中国铁路广州局集团有限公司 深圳动车运用所,CR400AF-A,
CR400AF,2080,2084,中国铁路广州局集团有限公司 长沙动车运用所,CR400AF-A,
CR400AF,2085,2085,中国铁路济南局集团有限公司 济南东动车运用所,,
CR400AF,2086,2086,中国铁路济南局集团有限公司 青岛动车运用所,,
CR400AF,2087,2087,中国铁路济南局集团有限公司 济南东动车运用所,,
CR400AF,2088,2090,中国铁路济南局集团有限公司 青岛动车运用所,,
CR400AF,2091,2094,中国铁路济南局集团有限公司 济南东动车运用所,,
CR400AF,2095,2097,中国铁路广州局集团有限公司 长沙动车运用所,CR400AF-A,
CR400AF,2098,2098,中国铁路广州局集团有限公司 深圳动车运用所,CR400AF-A,
CR400AF,2099,2100,中国铁路广州局集团有限公司 长沙动车运用所,CR400AF-A,
CR400AF,2102,2102,中国铁路济南局集团有限公司 济南东动车运用所,CR400AF-A,
CR400AF,2103,2104,中国铁路广州局集团有限公司 长沙动车运用所,CR400AF-A,
CR400AF,2105,2105,中国铁路广州局集团有限公司 深圳动车运用所,CR400AF-A,
CR400AF,2106,2106,中国铁路广州局集团有限公司 长沙动车运用所,CR400AF-A,
CR400AF,2107,2115,中国铁路济南局集团有限公司 济南东动车运用所,CR400AF-A,
CR400AF,2116,2123,中国铁路北京局集团有限公司 北京南动车运用所,CR400AF-B,
CR400AF,2124,2124,中国铁路武汉局集团有限公司 武汉动车运用所,,
CR400AF,2125,2125,中国铁路武汉局集团有限公司 武汉动车运用所,,
CR400AF,2126,2127,中国铁路武汉局集团有限公司 汉口动车运用所,,
CR400AF,2128,2128,中国铁路武汉局集团有限公司 武汉动车运用所,,
CR400AF,2130,2131,中国铁路广州局集团有限公司 长沙动车运用所,,
CR400AF,2133,2133,中国铁路广州局集团有限公司 长沙动车运用所,,
CR400AF,2134,2134,中国铁路济南局集团有限公司 青岛动车运用所,,
CR400AF,2135,2135,中国铁路成都局集团有限公司 重庆西动车运用所,,
CR400AF,2136,2138,中国铁路济南局集团有限公司 青岛动车运用所,,
CR400AF,2139,2139,中国铁路济南局集团有限公司 济南东动车运用所,,
CR400AF,2140,2140,中国铁路成都局集团有限公司 重庆西动车运用所,,
CR400AF,2141,2141,中国铁路济南局集团有限公司 济南东动车运用所,,
CR400AF,2142,2144,中国铁路北京局集团有限公司 北京西动车运用所,,
CR400AF,2145,2146,中国铁路北京局集团有限公司 雄安动车运用所,,
CR400AF,2148,2150,中国铁路武汉局集团有限公司 汉口动车运用所,,
CR400AF,2151,2151,中国铁路武汉局集团有限公司 武汉动车运用所,,
CR400AF,2152,2153,中国铁路武汉局集团有限公司 汉口动车运用所,,
CR400AF,2154,2156,中国铁路武汉局集团有限公司 武汉动车运用所,,
CR400AF,2159,2159,中国铁路武汉局集团有限公司 武汉动车运用所,,
CR400AF,2160,2161,中国铁路武汉局集团有限公司 汉口动车运用所,,
CR400AF,2162,2163,中国铁路济南局集团有限公司 济南东动车运用所,,
CR400AF,2164,2164,中国铁路武汉局集团有限公司 武汉动车运用所,,
CR400AF,2171,2172,中国铁路武汉局集团有限公司 武汉动车运用所,,
CR400AF,2173,2173,中国铁路武汉局集团有限公司 汉口动车运用所,,
CR400AF,2174,2177,中国铁路武汉局集团有限公司 武汉动车运用所,,
CR400AF,2178,2178,中国铁路北京局集团有限公司 雄安动车运用所,,
CR400AF,2179,2179,中国铁路北京局集团有限公司 北京西动车运用所,,
CR400AF,2180,2180,中国铁路北京局集团有限公司 雄安动车运用所,,
CR400AF,2181,2182,中国铁路北京局集团有限公司 北京西动车运用所,,
CR400AF,2183,2187,中国铁路北京局集团有限公司 北京南动车运用所,,
CR400AF,2190,2192,中国铁路武汉局集团有限公司 武汉动车运用所,CR400AF-A,
CR400AF,2193,2193,中国铁路济南局集团有限公司 济南东动车运用所,CR400AF-A,
CR400AF,2194,2195,中国铁路广州局集团有限公司 深圳动车运用所,CR400AF-A,
CR400AF,2196,2200,中国铁路武汉局集团有限公司 武汉动车运用所,CR400AF-A,
CR400AF,2201,2205,中国铁路济南局集团有限公司 济南东动车运用所,CR400AF-A,
CR400AF,2206,2210,中国铁路北京局集团有限公司 北京南动车运用所,CR400AF-B,
CR400AF,2211,2212,中国铁路济南局集团有限公司 济南东动车运用所,CR400AF-A,
CR400AF,2213,2213,中国铁路北京局集团有限公司 北京西动车运用所,,
CR400AF,2215,2217,中国铁路北京局集团有限公司 朝阳动车运用所,CR400AF-G,
CR400AF,2222,2225,中国铁路上海局集团有限公司 上海南动车运用所,,
CR400AF,2226,2226,中国铁路广州局集团有限公司 广州南动车运用所,,
CR400AF,2227,2227,中国铁路广州局集团有限公司 长沙动车运用所,,
CR400AF,2228,2228,中国铁路广州局集团有限公司 广州南动车运用所,,
CR400AF,2229,2229,中国铁路广州局集团有限公司 长沙动车运用所,,
CR400AF,2230,2231,中国铁路济南局集团有限公司 济南东动车运用所,,
CR400AF,2232,2235,中国铁路上海局集团有限公司 上海南动车运用所,,
CR400AF,2236,2236,中国铁路成都局集团有限公司 重庆西动车运用所,,
CR400AF,2237,2243,中国铁路上海局集团有限公司 上海南动车运用所,,
CR400AF,2244,2248,中国铁路成都局集团有限公司 重庆西动车运用所,,
CR400AF,2254,2256,中国铁路成都局集团有限公司 重庆西动车运用所,,
DJ1,1,1,中国铁道科学研究院 环形铁道,,
DJ1,2,2,株洲西门子牵引设备有限公司,,
DJ1,3,3,西安铁路局 宝鸡机务段 秦岭附加队 ,,
DJ2,1,1,中国铁路郑州局集团有限公司 郑州机务段京武快车队,奥星,
DJ2,2,3,中国铁路郑州局集团有限公司 郑州机务段,奥星,
HXD1D,1,15,中国铁路武汉局集团有限公司 武昌南机务段,,
HXD1D,16,16,中国铁路上海局集团有限公司 杭州机务段,,
HXD1D,17,17,中国铁路南昌局集团有限公司 南昌机务段,,
HXD1D,18,18,中国铁路南昌局集团有限公司 鹰潭机务段,,
HXD1D,19,19,中国铁路上海局集团有限公司 杭州机务段,,
HXD1D,20,20,中国铁路南昌局集团有限公司 南昌机务段,,
HXD1D,21,21,中国铁路上海局集团有限公司 杭州机务段,,
HXD1D,22,24,中国铁路南昌局集团有限公司 南昌机务段,,
HXD1D,25,25,中国铁路南昌局集团有限公司 鹰潭机务段,,
HXD1D,26,26,中国铁路南昌局集团有限公司 南昌机务段,,
HXD1D,27,27,中国铁路上海局集团有限公司 杭州机务段,,
HXD1D,28,28,中国铁路南昌局集团有限公司 鹰潭机务段,,
HXD1D,29,34,中国铁路南昌局集团有限公司 南昌机务段,,
HXD1D,35,35,中国铁路上海局集团有限公司 杭州机务段,,
HXD1D,36,38,中国铁路兰州局集团有限公司 兰州西机务段,,
HXD1D,39,39,中国铁路济南局集团有限公司 济南机务段,,
HXD1D,40,50,中国铁路兰州局集团有限公司 兰州西机务段,,
HXD1D,51,75,中国铁路乌鲁木齐局集团有限公司 乌鲁木齐机务段,,
HXD1D,76,105,中国铁路兰州局集团有限公司 兰州西机务段,,
HXD1D,106,137,中国铁路上海局集团有限公司 上海机务段,,
HXD1D,138,168,中国铁路上海局集团有限公司 杭州机务段,,
HXD1D,169,175,中国铁路上海局集团有限公司 上海机务段,,
HXD1D,176,185,中国铁路武汉局集团有限公司 武昌南机务段,,
HXD1D,186,187,中国铁路南昌局集团有限公司 鹰潭机务段,,
HXD1D,188,188,中国铁路南昌局集团有限公司 南昌机务段,,
HXD1D,189,190,中国铁路南昌局集团有限公司 鹰潭机务段,,
HXD1D,191,232,中国铁路南昌局集团有限公司 南昌机务段,,
HXD1D,233,233,中国铁路南昌局集团有限公司 鹰潭机务段,,
HXD1D,234,237,中国铁路南昌局集团有限公司 南昌机务段,,
HXD1D,238,257,中国铁路广州局集团有限公司 广州机务段,,
HXD1D,258,270,中国铁路武汉局集团有限公司 武昌南机务段,,
HXD1D,271,275,中国铁路乌鲁木齐局集团有限公司 乌鲁木齐机务段,,
HXD1D,276,279,中国铁路上海局集团有限公司 上海机务段,,
HXD1D,280,289,中国铁路上海局集团有限公司 徐州机务段,,
HXD1D,290,291,中国铁路南昌局集团有限公司 南昌机务段,,
HXD1D,292,293,中国铁路南昌局集团有限公司 鹰潭机务段,,
HXD1D,294,295,中国铁路南昌局集团有限公司 南昌机务段,,
HXD1D,296,300,中国铁路广州局集团有限公司 广州机务段,,
HXD1D,301,310,中国铁路武汉局集团有限公司 武昌南机务段,,
HXD1D,311,320,中国铁路乌鲁木齐局集团有限公司 乌鲁木齐机务段,,
HXD1D,321,340,中国铁路青藏集团有限公司 西宁机务段,,
HXD1D,341,362,中国铁路乌鲁木齐局集团有限公司 乌鲁木齐机务段,,
HXD1D,363,382,中国铁路广州局集团有限公司 广州机务段,,
HXD1D,383,392,中国铁路南昌局集团有限公司 南昌机务段,,
HXD1D,393,405,中国铁路上海局集团有限公司 上海机务段,,
HXD1D,406,415,中国铁路兰州局集团有限公司 兰州西机务段,,
HXD1D,416,430,中国铁路广州局集团有限公司 长沙机务段,,
HXD1D,431,440,中国铁路南昌局集团有限公司 南昌机务段,,
HXD1D,441,445,中国铁路南昌局集团有限公司 南昌机务段,,
HXD1D,446,450,中国铁路乌鲁木齐局集团有限公司 乌鲁木齐机务段,,
HXD1D,451,460,中国铁路武汉局集团有限公司 武昌南机务段,,
HXD1D,461,470,中国铁路广州局集团有限公司 广州机务段,,
HXD1D,471,478,中国铁路兰州局集团有限公司 兰州西机务段,,
HXD1D,479,483,中国铁路上海局集团有限公司 上海机务段,,
HXD1D,484,488,中国铁路上海局集团有限公司 杭州机务段,,
HXD1D,489,490,中国铁路上海局集团有限公司 杭州机务段,,
HXD1D,491,510,中国铁路郑州局集团有限公司 郑州机务段,,
HXD1D,511,512,中国铁路上海局集团有限公司 徐州机务段,,
HXD1D,513,515,中国铁路上海局集团有限公司 上海机务段,,
HXD1D,516,520,中国铁路南昌局集团有限公司 南昌机务段,,
HXD1D,521,534,中国铁路广州局集团有限公司 广州机务段,,
HXD1D,522,522,广州铁路职业技术学院,,
HXD1D,535,544,中国铁路南昌局集团有限公司 南昌机务段,,
HXD1D,545,551,中国铁路上海局集团有限公司 上海机务段,,
HXD1D,552,554,中国铁路上海局集团有限公司 杭州机务段,,
HXD1D,555,559,中国铁路郑州局集团有限公司 郑州机务段,,
HXD1D,560,564,中国铁路乌鲁木齐局集团有限公司 乌鲁木齐机务段,,
HXD1D,565,570,中国铁路广州局集团有限公司 广州机务段,,
HXD1D,571,585,中国铁路南昌局集团有限公司 南昌机务段,,
HXD1D,586,595,中国铁路上海局集团有限公司 杭州机务段,,
HXD1D,596,613,中国铁路兰州局集团有限公司 兰州西机务段,,
HXD1D,614,623,中国铁路广州局集团有限公司 广州机务段,,
HXD1D,624,633,中国铁路上海局集团有限公司 上海机务段,,
HXD1D,634,636,中国铁路乌鲁木齐局集团有限公司 乌鲁木齐机务段,,
HXD1D,637,644,中国铁路郑州局集团有限公司 郑州机务段,,
HXD1D,645,660,中国铁路郑州局集团有限公司 郑州机务段,,
HXD1D,661,668,中国铁路武汉局集团有限公司 武昌南机务段,,
HXD1D,669,673,中国铁路乌鲁木齐局集团有限公司 乌鲁木齐机务段,,
HXD1D,674,678,中国铁路郑州局集团有限公司 郑州机务段,,
HXD1D,679,682,中国铁路上海局集团有限公司 上海机务段,,
HXD1D,683,683,中国铁路上海局集团有限公司 徐州机务段,,
HXD1D,684,684,中国铁路上海局集团有限公司 徐州机务段,,
HXD1D,685,689,中国铁路青藏集团有限公司 格尔木机务段,,
HXD1D,1898,1898,中国铁路上海局集团有限公司 上海机务段,周恩来号,
HXD1D-J,1,3,中国铁路青藏集团有限公司 拉萨动车运用所,,
HXD1D-J,1001,1009,中国铁路昆明局集团有限公司 昆明动车运用所,,
HXD1D-J,1010,1013,中国铁路青藏集团有限公司 格尔木机务段,,
HXD1D-J,1014,1019,中国铁路成都局集团有限公司 成都动车运用所,,
HXD1D-J,1020,1027,中国铁路昆明局集团有限公司 昆明动车运用所,,
HXD3C,1,9,中国铁路沈阳局集团有限公司 沈阳机务段,,
HXD3C,10,10,中国铁路沈阳局集团有限公司 沈阳机务段,,
HXD3C,11,15,中国铁路济南局集团有限公司 济南机务段,,
HXD3C,16,20,中国铁路武汉局集团有限公司 江岸机务段（襄阳机务段支配）,,
HXD3C,21,25,中国铁路南昌局集团有限公司 南昌机务段,,
HXD3C,26,30,中国铁路郑州局集团有限公司 郑州机务段,,
HXD3C,31,35,中国铁路上海局集团有限公司 宁东机务段（上海机务段支配）,,
HXD3C,36,41,中国铁路武汉局集团有限公司 江岸机务段（武南机务段支配）,,
HXD3C,42,45,中国铁路武汉局集团有限公司 江岸机务段（襄阳机务段支配）,,
HXD3C,46,55,中国铁路南昌局集团有限公司 南昌机务段,,
HXD3C,56,60,中国铁路郑州局集团有限公司 郑州机务段,,
HXD3C,61,61,中国铁路沈阳局集团有限公司 沈阳机务段,,
HXD3C,62,62,中国铁路济南局集团有限公司 济南机务段,,
HXD3C,63,63,中国铁路沈阳局集团有限公司 沈阳机务段,,
HXD3C,64,70,中国铁路济南局集团有限公司 济南机务段,,
HXD3C,71,85,中国铁路武汉局集团有限公司 江岸机务段,,
HXD3C,86,95,中国铁路郑州局集团有限公司 郑州机务段,,
HXD3C,96,100,中国铁路济南局集团有限公司 济南机务段,,
HXD3C,101,110,中国铁路武汉局集团有限公司 江岸机务段,,
HXD3C,111,120,中国铁路沈阳局集团有限公司 沈阳机务段,,
HXD3C,121,125,中国铁路上海局集团有限公司 宁东机务段（上海机务段支配）,,
HXD3C,126,130,中国铁路南昌局集团有限公司 南昌机务段,,
HXD3C,131,135,中国铁路济南局集团有限公司 济南机务段,,
HXD3C,136,140,中国铁路郑州局集团有限公司 郑州机务段,,
HXD3C,141,165,中国铁路武汉局集团有限公司 江岸机务段,,
HXD3C,166,180,中国铁路成都局集团有限公司 重庆机务段,,
HXD3C,181,182,中国铁路济南局集团有限公司 济南机务段,,
HXD3C,183,190,中国铁路沈阳局集团有限公司 沈阳机务段,,
HXD3C,191,195,中国铁路济南局集团有限公司 济南机务段,,
HXD3C,198,200,中国铁路上海局集团有限公司 宁东机务段,,
HXD3C,201,220,中国铁路武汉局集团有限公司 江岸机务段,,
HXD3C,221,225,中国铁路上海局集团有限公司 宁东机务段,,
HXD3C,226,229,中国铁路沈阳局集团有限公司 沈阳机务段,,
HXD3C,238,238,中国铁路广州局集团有限公司 株洲机务段,,
HXD3C,271,300,中国铁路上海局集团有限公司 宁东机务段,,
HXD3C,446,446,中国铁路广州局集团有限公司 广州机务段,,
HXD3C,805,809,中国铁路广州局集团有限公司 ,,
HXD3C,810,819,中国铁路南宁局集团有限公司,,
HXD3C,820,829,中国铁路武汉局集团有限公司,,
HXD3C,896,925,中国铁路沈阳局集团有限公司,,
HXD3C,926,930,中国铁路南宁局集团有限公司,,
HXD3C,931,945,中国铁路北京局集团有限公司,,
HXD3C,946,955,中国铁路济南局集团有限公司,,
HXD3C,956,965,中国铁路郑州局集团有限公司,,
HXD3C,966,974,中国铁路济南局集团有限公司,,
HXD3D,1,10,中国铁路沈阳局集团有限公司 沈阳机务段,,
HXD3D,11,25,西安铁路局集团有限公司 西安机务段,,
HXD3D,26,34,中国铁路兰州局集团有限公司 兰州西机务段,,
HXD3D,35,35,中国铁路兰州局集团有限公司 迎水桥机务段,雷锋号,
HXD3D,36,38,中国铁路兰州局集团有限公司 兰州西机务段,,
HXD3D,39,39,中国铁路济南局集团有限公司 济南机务段,共青团号,
HXD3D,40,40,中国铁路兰州局集团有限公司 兰州西机务段,,
HXD3D,41,50,西安铁路局集团有限公司 西安机务段,,
HXD3D,51,70,中国铁路北京局集团有限公司 北京机务段,,
HXD3D,71,90,中国铁路南昌局集团有限公司 南昌机务段,,
HXD3D,91,115,中国铁路兰州局集团有限公司 兰州西机务段,,
HXD3D,116,135,中国铁路昆明局集团有限公司 昆明机务段,,
HXD3D,136,145,中国铁路北京局集团有限公司 北京机务段,,
HXD3D,146,150,呼和浩特铁路局集团有限公司 集宁机务段,,
HXD3D,151,155,中国铁路沈阳局集团有限公司 沈阳机务段,,
HXD3D,156,160,中国铁路南昌局集团有限公司 南昌机务段,,
HXD3D,161,165,中国铁路北京局集团有限公司 北京机务段,,
HXD3D,166,170,西安铁路局集团有限公司 西安机务段,,
HXD3D,171,180,中国铁路兰州局集团有限公司 兰州西机务段,,
HXD3D,181,190,中国铁路济南局集团有限公司 济南机务段,,
HXD3D,191,245,中国铁路沈阳局集团有限公司 沈阳机务段,,
HXD3D,246,255,中国铁路北京局集团有限公司 北京机务段,,
HXD3D,256,265,呼和浩特铁路局集团有限公司 集宁机务段,,
HXD3D,266,290,中国铁路兰州局集团有限公司 兰州西机务段,,
HXD3D,291,300,中国铁路沈阳局集团有限公司 沈阳机务段,,
HXD3D,301,310,中国铁路济南局集团有限公司 济南机务段,,
HXD3D,310,315,中国铁路昆明局集团有限公司 昆明机务段,,
HXD3D,316,320,中国铁路南昌局集团有限公司 南昌机务段,,
HXD3D,321,322,呼和浩特铁路局集团有限公司 集宁机务段,,
HXD3D,323,325,中国铁路北京局集团有限公司 北京机务段,,
HXD3D,326,333,西安铁路局集团有限公司 西安机务段,,
HXD3D,334,340,西安铁路局集团有限公司 安康机务段,,
HXD3D,341,345,中国铁路沈阳局集团有限公司 沈阳机务段,,
HXD3D,346,346,中国铁路成都局集团有限公司 重庆机务段,,
HXD3D,351,351,中国铁路成都局集团有限公司 重庆机务段,,
HXD3D,356,365,西安铁路局集团有限公司 安康机务段,,
HXD3D,366,369,中国铁路北京局集团有限公司 北京机务段,,
HXD3D,370,382,呼和浩特铁路局集团有限公司 集宁机务段,,
HXD3D,383,392,中国铁路昆明局集团有限公司 昆明机务段,,
HXD3D,393,397,中国铁路兰州局集团有限公司 兰州西机务段,,
HXD3D,398,402,西安铁路局集团有限公司 西安机务段,,
HXD3D,403,417,西安铁路局集团有限公司 西安机务段,,
HXD3D,418,419,中国铁路哈尔滨局集团有限公司 牡丹江机务段,,
HXD3D,420,424,中国铁路北京局集团有限公司 北京机务段,,
HXD3D,425,429,呼和浩特铁路局集团有限公司 集宁机务段,,
HXD3D,430,433,中国铁路哈尔滨局集团有限公司 牡丹江机务段,,
HXD3D,434,443,中国铁路南昌局集团有限公司 南昌机务段,,
HXD3D,444,449,中国铁路济南局集团有限公司 济南机务段,,
HXD3D,450,464,西安铁路局集团有限公司 西安机务段,,
HXD3D,465,468,中国铁路济南局集团有限公司 济南机务段,,
HXD3D,469,473,中国铁路济南局集团有限公司 济南机务段,,
HXD3D,474,479,中国铁路昆明局集团有限公司 昆明机务段,,
HXD3D,480,484,中国铁路南昌局集团有限公司 南昌机务段,,
HXD3D,485,489,西安铁路局集团有限公司 西安机务段,,
HXD3D,490,499,中国铁路北京局集团有限公司 北京机务段,,
HXD3D,500,503,中国铁路哈尔滨局集团有限公司 牡丹江机务段,,
HXD3D,504,514,中国铁路沈阳局集团有限公司 沈阳机务段,,
HXD3D,515,515,中国铁路成都局集团有限公司 重庆机务段,,
HXD3D,516,518,中国铁路沈阳局集团有限公司 沈阳机务段,,
HXD3D,519,528,西安铁路局集团有限公司 西安机务段,,
HXD3D,529,538,中国铁路北京局集团有限公司 北京机务段,,
HXD3D,539,541,呼和浩特铁路局集团有限公司 集宁机务段,,
HXD3D,542,553,西安铁路局集团有限公司 西安机务段,,
HXD3D,554,563,中国铁路济南局集团有限公司 济南机务段,,
HXD3D,564,568,中国铁路昆明局集团有限公司 昆明机务段,,
HXD3D,569,573,中国铁路成都局集团有限公司 重庆机务段,,
HXD3D,574,583,中国铁路济南局集团有限公司 济南机务段,,
HXD3D,584,584,中国铁路沈阳局集团有限公司 沈阳机务段,,
HXD3D,585,609,中国铁路哈尔滨局集团有限公司 三棵树机务段,,
HXD3D,610,611,中国铁路北京局集团有限公司 北京机务段,,
HXD3D,612,621,中国铁路南昌局集团有限公司 南昌机务段,,
HXD3D,622,626,中国铁路南昌局集团有限公司 南昌机务段,,
HXD3D,627,629,中国铁路哈尔滨局集团有限公司 三棵树机务段,,
HXD3D,630,630,中国铁路哈尔滨局集团有限公司 哈尔滨机务段,,
HXD3D,631,631,西安铁路局集团有限公司 西安机务段,第五代“钢人铁马号”,
HXD3D,632,653,中国铁路沈阳局集团有限公司 沈阳机务段,,
HXD3D,654,673,中国铁路沈阳局集团有限公司 沈阳机务段,,
HXD3D,674,681,中国铁路沈阳局集团有限公司 沈阳机务段,,
HXD3D,682,688,中国铁路兰州局集团有限公司 兰州西机务段,,
HXD3D,1886,1886,中国铁路哈尔滨局集团有限公司 哈尔滨机务段,第五代“朱德号”,
HXD3D,1893,1893,中国铁路北京局集团有限公司 丰台机务段,第六代“毛泽东号”,
HXD3D,1921,1921,中国铁路沈阳局集团有限公司 沈阳机务段,共产党员号,
HXD3D,7001,7002,广西沿海铁路股份有限公司 南宁南机务运用段,,
HXD3D,7003,7003,吉林铁道职业技术学院,,
HXD3D,8001,8025,中国铁路沈阳局集团有限公司 沈阳机务段,,大同
HXD3D,8026,8028,中国铁路太原局集团有限公司 太原南机务段,,大同
东方红2,1,50,,,资阳
东风,1201,1830,,,大连、成都
东风,2001,2094,,,戚墅堰
东风11,1,459,,,戚墅堰
东风12,8001,8001,吉林铁道职业技术学院,,
东风2,3201,3348,,,戚墅堰
东风21,1,5,中国铁路昆明局集团有限公司 昆明机务段,,
东风21,6,6,中国铁路昆明局集团有限公司 昆明机务段,状元号,
东风21,7,7,中国铁路昆明局集团有限公司 昆明机务段,亲年号,
东风21,8,8,中国铁路昆明局集团有限公司 昆明机务段,建水古城,
东风21,9,100,中国铁路昆明局集团有限公司 昆明机务段,,
东风21,101,101,中国铁路昆明局集团有限公司 昆明机务段,异龙号,
东风21,102,102,中国铁路昆明局集团有限公司 昆明机务段,,
东风21,1001,1002,云南钢铁厂,,
东风2Z,3251,3251,*齐齐哈尔铁路局 加格达奇机务段,,
东风3,3243,3243,中车共享城机车公园,,
东风4,3247,3247,中车成都轨道交通产业园,,
东风4B,1001,1999,,,大连
东风4B,1963,1963,*北京铁路局 丰台机务段,,
东风4B,2101,2685,,,大连
东风4B,2104,2104,*上海铁路局 蚌埠机务段,,
东风4B,2376,2376,*南昌铁路局 鹰潭机务段,,
东风4B,3101,3999,,,资阳
东风4B,3214,3214,*浙江金温铁道开发有限公司 温州机务段,,
东风4B,3249,3249,*西安铁路局 西安机务段,,
东风4B,3390,3390,*成都铁路局 重庆机务段,,
东风4B,3593,3593,*中国铁路广州局集团有限公司 株洲机务段,,
东风4B,6001,6587,,,大同
东风4B,6530,6530,*南宁铁路局 南宁机务段,,
东风4B,7001,7363,,,大连
东风4B,7364,7365,,,四方
东风4B,7366,7796,,,大连
东风4B,7701,7732,,,戚墅堰改
东风4B,9001,9702,,,资阳
东风4B,9167,9167,*南昌铁路局 向塘机务段,,
东风4B,9531,9531,*新长铁路公司,,
东风4C,1,10,,,大同
东风4C,11,11,中国铁路北京局集团有限公司 丰台段,青年文明号,
东风4C,12,40,,,大同
东风4C,2001,2006,,,四方
东风4C,4001,4465,,,大连
东风4C,4466,4466,四方机车车辆厂,,四方
东风4C,5001,5273,,,资阳
东风4C,5274,5275,三茂铁路公司 三水机务段,东风4CK,
东风4C,5276,5335,,,资阳
东风4D,7001,7021,中国铁路南宁局集团有限公司,,
东风5,1,1,中国铁路北京局集团有限公司 北京车辆段,,
东风5,1974,1975,中国铁路兰州局集团有限公司 兰州西机务段,,唐山
东风5,1976,2082,,,唐山
东风5,2083,2083,中国石油兰州石化公司,,唐山
东风5,3279,3279,云南铁路博物馆,,
东风6,1,2,*沈阳铁路局 大连机务段,,
东风6,3,3,沈阳铁路陈列馆,,
东风6,4,4,*沈阳铁路局 大连机务段,,
东风7,174,174,中国铁路太原局集团有限公司 太原机务段北场,,
东风7B,3006,3006,中国铁道博物馆,,
东风7B,3015,3015,王坪村铁路公园,,
东风7B,6001,6072,*北京铁路局 邯郸机务段；郑州铁路局 新乡机务段,调车,
东风7D,1,1,中国铁道博物馆,,
东风7D,3001,3001,中国铁道博物馆,,
东风7E,1,1,中国铁路郑州局集团有限公司 新乡机务段,,
东风7E,2,2,中国铁路郑州局集团有限公司 郑州机务段,,
东风7G,9001,9004,呼和浩特铁路局 集宁机务段 赛汗塔拉分段,,
东风8,1,1,中国铁道博物馆,,
东风9,1,2,中国铁路广州局集团有限公司广州机务段,,
韶山1,8,8,中国铁道博物馆,,
韶山1,156,156,郑州世纪欢乐园,,
韶山1,160,160,北京铁路电气化学校,,
韶山1,227,227,中国铁路兰州局集团有限公司 兰州西机务段,,
韶山1,254,254,中国铁路北京局集团有限公司 丰台机务段 储备厂,,
韶山1,307,307,中国铁路太原局集团有限公司 榆次机务折返段,,
韶山1,309,309,中国铁路太原局集团有限公司 太原机务段北场,,
韶山1,321,321,武汉铁路职业技术学院,,
韶山1,681,681,中国铁道博物馆,,
韶山1,695,695,沈阳铁路陈列馆,,
韶山1,762,762,中国铁路广州局集团有限公司 娄底运用车间储备厂,,
韶山1,818,818,西南交通大学 机车博物园,,
韶山1,821,821,韶关机务实训基地,,
韶山1,826,826,韶关机务实训基地,,
韶山3,454,454,中国铁路成都局集团有限公司 贵阳机务段,先锋号,
韶山3,524,524,中国铁路武汉局集团有限公司 江岸机务段,青年号,
韶山3,4160,4160,广西沿海铁路公司 南宁南机务运用段,共青团号,
韶山3,4178,4178,广西沿海铁路公司 南宁南机务运用段,共青团号,
韶山3,4235,4235,中国铁路成都局集团有限公司 重庆机务段,青年文明号,
韶山3,4258,4258,中国铁路成都局集团有限公司 重庆机务段,党员先锋号,
韶山3,5080,5080,广州铁路博物馆,,
韶山3,6005,6005,湖南交通工程学院,,
韶山3,8050,8050,武汉四美塘铁路遗址公园,,
韶山3B,16,16,西安铁路局 安康机务段,青年文明号,
韶山3B,5001,5001,中国铁路成都局集团有限公司 贵阳机务段,*先锋力神,
韶山3B,5035,5035,中国铁路兰州局集团有限公司 迎水桥机务段,雷锋号 (曾),
韶山3B,5038,5038,中国铁路兰州局集团有限公司 迎水桥机务段,青年文明号,
韶山3B,5151,5151,中国铁路成都局集团有限公司 西昌机务段,扶贫先锋号,
韶山3B,5162,5162,中国铁路昆明局集团有限公司 昆明机务段,五四青年号,
韶山3B,5235,5235,中国铁路成都局集团有限公司 西昌机务段,*共青团号,
韶山3C,1,1,中国铁路成都局集团有限公司 贵阳机务段,,
韶山4,6,6,中国铁道博物馆,,
韶山4,10,10,中国铁路成都局集团有限公司 西昌机务段,,
韶山4,50,50,中国铁路郑州局集团有限公司 新乡机务段,先锋号,
韶山4,63,63,中国铁路太原局集团有限公司 太原机务段,,
韶山4,204,204,中国铁路郑州局集团有限公司 新乡机务段,先锋号,
韶山4,448,448,中国铁路沈阳局集团有限公司 苏家屯机务段,先锋号,
韶山4,574,574,中铁三局集团,先锋号,
韶山4,743,743,中国铁路哈尔滨局集团有限公司 哈尔滨机务段,青年文明号,
韶山4,855,855,西安铁路局 新丰镇机务段,,
韶山4,911,911,中铁三局集团,青年文明号,
韶山4,2006,2006,吉林铁道职业技术学院,,
韶山4B,19,19,神朔铁路公司 神木北机务段,青年号,
韶山4B,89,89,神朔铁路公司 神木北机务段,青年文明号,
韶山4B,90,90,神朔铁路公司 神木北机务段,青年文明号,
韶山4B,257,257,包神铁路公司 东胜机务段,党员先锋号,
韶山4G,159,1177,,,株洲
韶山4G,168,168,中国铁道博物馆,,
韶山4G,171,171,中国铁路哈尔滨局集团有限公司 牡丹江机务段,,
韶山4G,179,179,中国铁路太原局集团有限公司 湖东机务段,,
韶山4G,466,466,石家庄铁道大学,,
韶山4G,1089,1089,*呼和浩特铁路局 包头西机务段,,
韶山4G,1886,1886,中国铁路哈尔滨局集团有限公司 哈尔滨机务段,*朱德号,株洲
韶山4G,3001,3002,,,资阳
韶山4G,6001,6001,中国铁道博物馆,,
韶山4G,6001,6001,中国铁道博物馆,,大同
韶山4G,7001,7110,,,大连
韶山4G,7121,7243,,,大连
韶山5,1,1,中国铁道博物馆,,
韶山5,2,2,郑州世纪欢乐园 ,,
韶山6,1,1,郑州铁路司机学校,,
韶山6,2,2,中国铁道博物馆,,
韶山6B,1011,1011,西安铁路局 西安机务段,*青年文明号,
韶山6B,1026,1026,韶关机务实训基地,,
韶山6B,1088,1088,中国铁路武汉局集团有限公司 襄阳机务段,*民兵号,
韶山6B,1111,1111,中国铁路武汉局集团有限公司 襄阳机务段,*先锋号,
韶山6B,6001,6001,韶关机务实训基地,,
韶山6B,6002,6002,广州铁路博物馆,,
韶山7,1,79,中国铁路南宁局集团有限公司 柳州机务段,,
韶山7,76,76,中国铁路南宁局集团有限公司 南宁机务段,*五四红旗号,
韶山7,80,84,中国铁路南宁局集团有限公司 柳州机务段,,
韶山7,85,111,中国铁路南宁局集团有限公司 柳州机务段,,
韶山7,8112,8113,山西孝柳铁路有限责任公司,,
韶山7B,1,1,*南宁铁路局集团有限公司 南宁机务段,,
韶山7B,2,2,中国铁路南宁局集团有限公司 柳州机务段,,
韶山7D,1,58,西安铁路局集团有限公司 西安机务段,,
韶山7D,631,631,西安铁路局集团有限公司 西安机务段,*钢人铁马号,
韶山7E,1,140,,,大同
韶山7E,6001,6002,中国铁路昆明局集团有限公司,,大同
韶山7E,7001,7004,,,大连
韶山8,1,1,中国铁路广州局集团有限公司 广州机务段,,
韶山8,2,2,中国铁路广州局集团有限公司 广州机务段,,
韶山8,3,4,中国铁路上海局集团有限公司 上海机务段,,
韶山8,5,5,中国铁路郑州局集团有限公司 郑州机务段,,
韶山8,9,9,中国铁路郑州局集团有限公司 郑州机务段,,
韶山8,11,11,中国铁路郑州局集团有限公司 郑州机务段,,
韶山8,12,12,中国铁路郑州局集团有限公司 郑州机务段,,
韶山8,15,16,中国铁路郑州局集团有限公司 郑州机务段,,
韶山8,17,17,中国铁路上海局集团有限公司 上海机务段,,
韶山8,20,20,中国铁路郑州局集团有限公司 郑州机务段,,
韶山8,24,25,中国铁路郑州局集团有限公司 郑州机务段,,
韶山8,27,27,中国铁路郑州局集团有限公司 郑州机务段,,
韶山8,29,32,中国铁路郑州局集团有限公司 郑州机务段,,
韶山8,33,35,中国铁路上海局集团有限公司 上海机务段,,
韶山8,36,36,中国铁路郑州局集团有限公司 郑州机务段,,
韶山8,38,38,中国铁路上海局集团有限公司 上海机务段,,
韶山8,39,39,中国铁路上海局集团有限公司 上海机务段,国祥号,
韶山8,40,40,中国铁路上海局集团有限公司 上海机务段,,
韶山8,41,41,中国铁路北京局集团有限公司 北京机务段,,
韶山8,43,43,中国铁路郑州局集团有限公司 郑州机务段,,
韶山8,44,44,中国铁路北京局集团有限公司 邯郸机务段,,
韶山8,45,45,中国铁路郑州局集团有限公司 郑州机务段,,
韶山8,48,48,中国铁路北京局集团有限公司 邯郸机务段,,
韶山8,49,49,中国铁路南昌局集团有限公司 南昌机务段,,
韶山8,50,50,中国铁路南昌局集团有限公司 南昌机务段,,
韶山8,51,51,中国铁路北京局集团有限公司 邯郸机务段,,
韶山8,52,52,中国铁路上海局集团有限公司 上海机务段,,
韶山8,55,55,中国铁路南昌局集团有限公司 南昌机务段,,
韶山8,56,57,中国铁路北京局集团有限公司 邯郸机务段,,
韶山8,64,64,中国铁路广州局集团有限公司 广州机务段,,
韶山8,72,72,中国铁路北京局集团有限公司 邯郸机务段,,
韶山8,73,73,中国铁路北京局集团有限公司 北京机务段,,
韶山8,74,74,中国铁路北京局集团有限公司 邯郸机务段,,
韶山8,81,81,中国铁路北京局集团有限公司 北京机务段,,
韶山8,83,84,中国铁路郑州局集团有限公司 郑州机务段,,
韶山8,85,85,中国铁路北京局集团有限公司 北京机务段,,
韶山8,88,103,中国铁路郑州局集团有限公司 郑州机务段,,
韶山8,104,104,中国铁路北京局集团有限公司 邯郸机务段,,
韶山8,109,111,中国铁路南昌局集团有限公司 南昌机务段,,
韶山8,114,116,中国铁路南昌局集团有限公司 南昌机务段,,
韶山8,118,119,中国铁路北京局集团有限公司 北京机务段,,
韶山8,121,126,中国铁路北京局集团有限公司 北京机务段,,
韶山8,127,128,中国铁路郑州局集团有限公司 郑州机务段,,
韶山8,130,130,中国铁路南昌局集团有限公司 南昌机务段,,
韶山8,131,131,中国铁路广州局集团有限公司 长沙机务段,,
韶山8,132,132,中国铁路广州局集团有限公司 长沙机务段,,
韶山8,133,133,中国铁路广州局集团有限公司 长沙机务段,,
韶山8,134,134,中国铁路广州局集团有限公司 长沙机务段,,
韶山8,136,136,中国铁路广州局集团有限公司 长沙机务段,,
韶山8,141,141,中国铁路广州局集团有限公司 广州机务段,,
韶山8,144,144,中国铁路广州局集团有限公司 长沙机务段,,
韶山8,148,148,中国铁路广州局集团有限公司 广州机务段,,
韶山8,156,156,中国铁路广州局集团有限公司 广州机务段,,
韶山8,163,163,中国铁路广州局集团有限公司 广州机务段,,
韶山8,166,166,中国铁路广州局集团有限公司 广州机务段,新世纪金龙号,
韶山8,171,171,中国铁路上海局集团有限公司 上海机务段,,
韶山8,172,172,中国铁路郑州局集团有限公司 郑州机务段,,
韶山8,173,173,中国铁路广州局集团有限公司 广州机务段,,
韶山8,181,181,中国铁路广州局集团有限公司 广州机务段,,
韶山8,186,186,中国铁路广州局集团有限公司 广州机务段,,
韶山8,191,191,中国铁路广州局集团有限公司 广州机务段,,
韶山8,192,192,中国铁路广州局集团有限公司 广州机务段,,
韶山8,197,197,中国铁路郑州局集团有限公司 郑州机务段,,
韶山8,200,204,中国铁路上海局集团有限公司 上海机务段,,
韶山8,205,205,中国铁路广州局集团有限公司 长沙机务段,,
韶山8,214,214,中国铁路郑州局集团有限公司 郑州机务段,,
韶山9,1,3,中国铁路沈阳局集团有限公司 沈阳机务段；中国铁路上海局集团有限公司 上海机务段,,
韶山9,5,29,中国铁路沈阳局集团有限公司 沈阳机务段；中国铁路上海局集团有限公司 上海机务段,,
韶山9,30,30,中国铁路沈阳局集团有限公司 通辽机务段,,
韶山9,31,37,中国铁路沈阳局集团有限公司 沈阳机务段；中国铁路上海局集团有限公司 上海机务段,,
韶山9,38,38,中国铁路沈阳局集团有限公司 通辽机务段,,
韶山9,39,43,中国铁路沈阳局集团有限公司 沈阳机务段；中国铁路上海局集团有限公司 上海机务段,,
